date1,date2,date,mu_stable,sigma_stable,lod_value,glacier_velocity,velocity_lod_ratio,correlation
2025-09-07,2025-09-13,2025-09-13,0.1,0.15,0.4,422.2272457933291,1055.5681144833227,0.0
2025-09-13,2025-09-19,2025-09-19,0.05,0.06,0.16999999999999998,242.1624970983501,1424.4852770491184,0.5322847414421961
2025-09-19,2025-09-25,2025-09-25,0.05,0.06,0.16999999999999998,414.4000294907377,2437.6472322984573,0.5261579422259139
2025-09-25,2025-10-01,2025-10-01,0.05,0.06,0.16999999999999998,261.8115859522124,1540.068152660073,0.5326879048636182
2025-10-01,2025-10-07,2025-10-07,0.05,0.06,0.16999999999999998,123.174930936945,724.5584172761471,0.5237429032822998
2025-10-07,2025-10-13,2025-10-13,0.08,0.1,0.28,236.5504728850066,844.8231174464521,0.3528849063757991
2025-10-13,2025-10-19,2025-10-19,0.05,0.06,0.16999999999999998,165.11066929749973,971.2392311617632,0.6181225976419745
2025-10-19,2025-10-25,2025-10-25,0.05,0.06,0.16999999999999998,239.0219473455108,1406.0114549735931,0.5519180982931499
2025-10-25,2025-10-31,2025-10-31,0.05,0.06,0.16999999999999998,348.72433526176195,2051.319619186835,0.5793958903585453
