date1,date2,date,sigma_alg_mean,sigma_alg_median,sigma_alg_std,sigma_alg_q75,sigma_alg_q95
2025-09-07,2025-09-13,2025-09-13,0.15,0.135,0.045,0.18,0.22499999999999998
2025-09-13,2025-09-19,2025-09-19,0.12,0.108,0.036,0.144,0.18
2025-09-19,2025-09-25,2025-09-25,0.15,0.135,0.045,0.18,0.22499999999999998
2025-09-25,2025-10-01,2025-10-01,0.12,0.108,0.036,0.144,0.18
2025-10-01,2025-10-07,2025-10-07,0.08,0.07200000000000001,0.024,0.096,0.12
2025-10-07,2025-10-13,2025-10-13,0.12,0.108,0.036,0.144,0.18
2025-10-13,2025-10-19,2025-10-19,0.12,0.108,0.036,0.144,0.18
2025-10-19,2025-10-25,2025-10-25,0.12,0.108,0.036,0.144,0.18
2025-10-25,2025-10-31,2025-10-31,0.15,0.135,0.045,0.18,0.22499999999999998
