datetime,temperature_C,swe_mm,precipitation_mm,pdd,swe_max,swe_max_date,ros
2025-01-01,-9.484516,332.51993,11.19871,0.0,767.299072265625,2025-04-23,0.0
2025-01-02,-7.283632,340.4321,4.8255057,0.0,767.299072265625,2025-04-23,0.0
2025-01-03,-6.283796,343.3186,1.6889054,0.0,767.299072265625,2025-04-23,0.0
2025-01-04,-8.873067,345.60208,2.9071698,0.0,767.299072265625,2025-04-23,0.0
2025-01-05,-10.642476,348.8507,3.2058115,0.0,767.299072265625,2025-04-23,0.0
2025-01-06,-13.374192,350.84262,0.2590164,0.0,767.299072265625,2025-04-23,0.0
2025-01-07,-12.699764,352.197,3.1968503,0.0,767.299072265625,2025-04-23,0.0
2025-01-08,-13.056675,355.04224,1.0164304,0.0,767.299072265625,2025-04-23,0.0
2025-01-09,-13.694847,355.25644,0.0,0.0,767.299072265625,2025-04-23,0.0
2025-01-10,-15.161938,355.25955,0.0021506895,0.0,767.299072265625,2025-04-23,0.0
2025-01-11,-15.1714735,355.2632,0.0008523463,0.0,767.299072265625,2025-04-23,0.0
2025-01-12,-14.845614,355.27286,0.0,0.0,767.299072265625,2025-04-23,0.0
2025-01-13,-15.437042,355.28452,0.0008612871,0.0,767.299072265625,2025-04-23,0.0
2025-01-14,-13.944127,355.29248,0.0025566383,0.0,767.299072265625,2025-04-23,0.0
2025-01-15,-12.009922,355.31543,0.06986216,0.0,767.299072265625,2025-04-23,0.0
2025-01-16,-11.834643,355.74133,1.8126743,0.0,767.299072265625,2025-04-23,0.0
2025-01-17,-10.765129,360.59067,5.0897303,0.0,767.299072265625,2025-04-23,0.0
2025-01-18,-9.845367,368.18857,11.370831,0.0,767.299072265625,2025-04-23,0.0
2025-01-19,-9.220317,381.77844,11.131721,0.0,767.299072265625,2025-04-23,0.0
2025-01-20,-9.681873,388.57443,5.341265,0.0,767.299072265625,2025-04-23,0.0
2025-01-21,-9.781301,392.5277,3.5671835,0.0,767.299072265625,2025-04-23,0.0
2025-01-22,-10.9739,402.05713,9.377606,0.0,767.299072265625,2025-04-23,0.0
2025-01-23,-13.516879,407.4668,2.4698236,0.0,767.299072265625,2025-04-23,0.0
2025-01-24,-13.504165,408.06885,0.0012861565,0.0,767.299072265625,2025-04-23,0.0
2025-01-25,-12.82208,408.06247,0.0,0.0,767.299072265625,2025-04-23,0.0
2025-01-26,-12.520663,408.0614,0.0012874602,0.0,767.299072265625,2025-04-23,0.0
2025-01-27,-12.180018,408.06143,0.0018650191,0.0,767.299072265625,2025-04-23,0.0
2025-01-28,-10.510849,408.9733,3.790306,0.0,767.299072265625,2025-04-23,0.0
2025-01-29,-11.428024,415.0315,3.3894322,0.0,767.299072265625,2025-04-23,0.0
2025-01-30,-14.404096,415.81552,0.06219205,0.0,767.299072265625,2025-04-23,0.0
2025-01-31,-14.293899,415.87854,0.0026253907,0.0,767.299072265625,2025-04-23,0.0
2025-02-01,-14.141158,415.8856,0.0008583069,0.0,767.299072265625,2025-04-23,0.0
2025-02-02,-14.847018,415.88998,0.0025725577,0.0,767.299072265625,2025-04-23,0.0
2025-02-03,-12.824333,415.8917,0.0008523463,0.0,767.299072265625,2025-04-23,0.0
2025-02-04,-11.674779,416.11545,0.5332917,0.0,767.299072265625,2025-04-23,0.0
2025-02-05,-13.015687,416.4852,0.04831399,0.0,767.299072265625,2025-04-23,0.0
2025-02-06,-14.076282,416.51712,0.01091026,0.0,767.299072265625,2025-04-23,0.0
2025-02-07,-10.999566,418.1095,4.3742967,0.0,767.299072265625,2025-04-23,0.0
2025-02-08,-7.270144,422.6636,2.0323312,0.0,767.299072265625,2025-04-23,0.0
2025-02-09,-7.7598863,425.42264,3.1250489,0.0,767.299072265625,2025-04-23,0.0
2025-02-10,-6.99661,427.04285,2.7269511,0.0,767.299072265625,2025-04-23,0.0
2025-02-11,-8.032163,431.66675,4.2141204,0.0,767.299072265625,2025-04-23,0.0
2025-02-12,-11.580804,438.0491,7.15369,0.0,767.299072265625,2025-04-23,0.0
2025-02-13,-12.911405,440.96655,0.44808862,0.0,767.299072265625,2025-04-23,0.0
2025-02-14,-11.582156,445.77795,6.195709,0.0,767.299072265625,2025-04-23,0.0
2025-02-15,-10.385982,451.63968,9.548981,0.0,767.299072265625,2025-04-23,0.0
2025-02-16,-10.903877,464.74692,10.27559,0.0,767.299072265625,2025-04-23,0.0
2025-02-17,-12.269872,472.5538,3.4812884,0.0,767.299072265625,2025-04-23,0.0
2025-02-18,-9.5380125,473.39676,1.0069437,0.0,767.299072265625,2025-04-23,0.0
2025-02-19,-8.421662,474.45483,0.87008977,0.0,767.299072265625,2025-04-23,0.0
2025-02-20,-9.18204,475.33667,0.20804316,0.0,767.299072265625,2025-04-23,0.0
2025-02-21,-8.159725,475.38382,0.026140714,0.0,767.299072265625,2025-04-23,0.0
2025-02-22,-6.7726607,475.412,0.02030523,0.0,767.299072265625,2025-04-23,0.0
2025-02-23,-6.0800934,475.4286,0.2504859,0.0,767.299072265625,2025-04-23,0.0
2025-02-24,-5.2962165,477.7987,6.383256,0.0,767.299072265625,2025-04-23,0.0
2025-02-25,-5.9945617,495.113,25.551994,0.0,767.299072265625,2025-04-23,0.0
2025-02-26,-7.89166,519.20544,11.8664465,0.0,767.299072265625,2025-04-23,0.0
2025-02-27,-7.896337,527.1215,8.284127,0.0,767.299072265625,2025-04-23,0.0
2025-02-28,-10.475441,534.2065,4.6826305,0.0,767.299072265625,2025-04-23,0.0
2025-03-01,-9.809548,536.1597,0.27429184,0.0,767.299072265625,2025-04-23,0.0
2025-03-02,-7.906296,538.0801,8.101,0.0,767.299072265625,2025-04-23,0.0
2025-03-03,-12.555381,548.41455,5.011442,0.0,767.299072265625,2025-04-23,0.0
2025-03-04,-14.01827,549.9749,0.023485728,0.0,767.299072265625,2025-04-23,0.0
2025-03-05,-10.637771,549.98047,0.1922549,0.0,767.299072265625,2025-04-23,0.0
2025-03-06,-8.376881,551.80646,5.769391,0.0,767.299072265625,2025-04-23,0.0
2025-03-07,-7.769928,567.42365,21.222937,0.0,767.299072265625,2025-04-23,0.0
2025-03-08,-5.848915,580.1083,1.9700469,0.0,767.299072265625,2025-04-23,0.0
2025-03-09,-6.059233,586.7673,16.249786,0.0,767.299072265625,2025-04-23,0.0
2025-03-10,-3.9238575,604.33484,13.194183,0.0,767.299072265625,2025-04-23,0.0
2025-03-11,-3.1968472,615.8137,8.640545,0.0,767.299072265625,2025-04-23,0.0
2025-03-12,-3.2913933,631.3056,19.386242,0.0,767.299072265625,2025-04-23,0.0
2025-03-13,-3.7316284,641.62616,1.0417316,0.0,767.299072265625,2025-04-23,0.0
2025-03-14,-5.7648606,641.69244,0.0029144317,0.0,767.299072265625,2025-04-23,0.0
2025-03-15,-5.2561364,641.6517,0.06970722,0.0,767.299072265625,2025-04-23,0.0
2025-03-16,-4.5724654,641.7056,0.020672986,0.0,767.299072265625,2025-04-23,0.0
2025-03-17,-4.5344696,641.69055,0.0,0.0,767.299072265625,2025-04-23,0.0
2025-03-18,-3.96787,641.66565,0.0017046923,0.0,767.299072265625,2025-04-23,0.0
2025-03-19,-3.9014575,641.62775,0.0,0.0,767.299072265625,2025-04-23,0.0
2025-03-20,-3.7714005,641.58734,0.0004351138,0.0,767.299072265625,2025-04-23,0.0
2025-03-21,-2.5633976,641.54517,0.0017180673,0.0,767.299072265625,2025-04-23,0.0
2025-03-22,0.32242966,641.4859,0.0004351138,0.32242966,767.299072265625,2025-04-23,0.0
2025-03-23,2.2827885,641.46,0.7891372,2.6052182,767.299072265625,2025-04-23,0.7891371846199036
2025-03-24,-0.78192645,658.0511,32.864414,2.6052182,767.299072265625,2025-04-23,0.0
2025-03-25,-1.515049,688.0305,19.083464,2.6052182,767.299072265625,2025-04-23,0.0
2025-03-26,-1.8680471,702.35516,10.33691,2.6052182,767.299072265625,2025-04-23,0.0
2025-03-27,-4.9420433,711.9524,7.801758,2.6052182,767.299072265625,2025-04-23,0.0
2025-03-28,-7.587063,718.82935,5.623254,2.6052182,767.299072265625,2025-04-23,0.0
2025-03-29,-7.0894456,721.8659,2.4497666,2.6052182,767.299072265625,2025-04-23,0.0
2025-03-30,-6.2481284,725.7964,2.7239933,2.6052182,767.299072265625,2025-04-23,0.0
2025-03-31,-5.912084,726.2259,0.0017165416,2.6052182,767.299072265625,2025-04-23,0.0
2025-04-01,-2.7511432,726.1609,0.0008583069,2.6052182,767.299072265625,2025-04-23,0.0
2025-04-02,-2.4543598,726.0992,0.0004351138,2.6052182,767.299072265625,2025-04-23,0.0
2025-04-03,-1.4131063,726.08496,0.13674869,2.6052182,767.299072265625,2025-04-23,0.0
2025-04-04,0.30867258,726.12085,0.22873922,2.9138908,767.299072265625,2025-04-23,0.0
2025-04-05,-0.7064972,734.5686,14.823334,2.9138908,767.299072265625,2025-04-23,0.0
2025-04-06,1.4466501,748.07794,24.59606,4.360541,767.299072265625,2025-04-23,24.596059799194336
2025-04-07,3.0238342,751.2085,1.5833683,7.384375,767.299072265625,2025-04-23,1.5833683013916016
2025-04-08,3.6451645,743.8929,8.475757,11.029539,767.299072265625,2025-04-23,8.475756645202637
2025-04-09,0.49020386,748.99664,24.575817,11.519743,767.299072265625,2025-04-23,0.0
2025-04-10,0.4035937,756.38306,7.847091,11.923337,767.299072265625,2025-04-23,0.0
2025-04-11,2.0316124,753.3565,0.0017376986,13.954949,767.299072265625,2025-04-23,0.001737698563374579
2025-04-12,3.8319142,748.93555,0.0012659112,17.786863,767.299072265625,2025-04-23,0.001265911152586341
2025-04-13,2.4876087,744.69385,6.9838653,20.274471,767.299072265625,2025-04-23,6.983865261077881
2025-04-14,2.2816784,736.1303,5.270859,22.55615,767.299072265625,2025-04-23,5.2708587646484375
2025-04-15,4.261757,722.78766,1.3622632,26.817907,767.299072265625,2025-04-23,1.3622632026672363
2025-04-16,1.0488472,724.8051,16.628273,27.866755,767.299072265625,2025-04-23,16.628273010253906
2025-04-17,3.2349358,721.718,15.39775,31.10169,767.299072265625,2025-04-23,15.397749900817871
2025-04-18,0.3674113,737.1502,33.42893,31.4691,767.299072265625,2025-04-23,0.0
2025-04-19,-2.1808941,754.3926,8.356895,31.4691,767.299072265625,2025-04-23,0.0
2025-04-20,-2.0309231,757.92096,2.724421,31.4691,767.299072265625,2025-04-23,0.0
2025-04-21,-1.7360369,761.01416,7.7809935,31.4691,767.299072265625,2025-04-23,0.0
2025-04-22,-2.194538,765.7285,2.046381,31.4691,767.299072265625,2025-04-23,0.0
2025-04-23,-1.5251083,767.2991,3.9955368,31.4691,767.299072265625,2025-04-23,0.0
2025-04-24,0.017295837,766.9344,0.5587502,31.486397,767.299072265625,2025-04-23,0.0
2025-04-25,2.2695606,762.2996,0.48645657,33.75596,767.299072265625,2025-04-23,0.48645657300949097
2025-04-26,2.9642055,751.29645,0.017653584,36.720165,767.299072265625,2025-04-23,0.017653584480285645
2025-04-27,4.151506,737.5235,0.0017821604,40.87167,767.299072265625,2025-04-23,0.0017821603687480092
2025-04-28,6.233124,722.657,0.0025682284,47.104794,767.299072265625,2025-04-23,0.002568228403106332
2025-04-29,7.1832404,705.65814,0.026619166,54.288033,767.299072265625,2025-04-23,0.026619166135787964
2025-04-30,6.825701,685.7557,0.460841,61.113735,767.299072265625,2025-04-23,0.46084100008010864
2025-05-01,5.170855,664.62427,2.0794175,66.28459,767.299072265625,2025-04-23,2.0794174671173096
2025-05-02,4.052086,645.9069,3.16353,70.33668,767.299072265625,2025-04-23,3.163530111312866
2025-05-03,4.230784,626.5546,0.0027865581,74.56746,767.299072265625,2025-04-23,0.002786558121442795
2025-05-04,6.277476,607.3924,0.0009971282,80.84493,767.299072265625,2025-04-23,0.0009971281979233027
2025-05-05,6.680874,587.1597,0.00085234636,87.5258,767.299072265625,2025-04-23,0.000852346362080425
2025-05-06,7.9799705,565.37103,0.0017171233,95.505775,767.299072265625,2025-04-23,0.0017171233193948865
2025-05-07,8.537326,542.40204,0.0042029005,104.0431,767.299072265625,2025-04-23,0.00420290045440197
2025-05-08,7.039885,519.7111,2.5049207,111.082985,767.299072265625,2025-04-23,2.504920721054077
2025-05-09,4.263035,501.37936,13.748857,115.34602,767.299072265625,2025-04-23,13.748856544494629
2025-05-10,4.9117103,479.34497,0.90946317,120.25774,767.299072265625,2025-04-23,0.9094631671905518
2025-05-11,5.1348267,456.73593,0.7987353,125.39256,767.299072265625,2025-04-23,0.7987353205680847
2025-05-12,6.543879,434.7328,0.14366138,131.93645,767.299072265625,2025-04-23,0.14366137981414795
2025-05-13,5.653196,412.3633,1.9253775,137.58965,767.299072265625,2025-04-23,1.9253774881362915
2025-05-14,7.6851754,388.54346,0.09610667,145.27483,767.299072265625,2025-04-23,0.09610667079687119
2025-05-15,9.00719,364.15958,0.0077988096,154.28201,767.299072265625,2025-04-23,0.0077988095581531525
2025-05-16,9.389877,339.26425,0.010696301,163.67189,767.299072265625,2025-04-23,0.010696301236748695
2025-05-17,8.5435295,314.42355,2.326508,172.21542,767.299072265625,2025-04-23,2.326508045196533
2025-05-18,6.0335593,291.61597,11.40187,178.24898,767.299072265625,2025-04-23,11.401869773864746
2025-05-19,6.1771445,266.31528,5.2519126,184.42612,767.299072265625,2025-04-23,5.251912593841553
2025-05-20,6.450441,241.98592,4.1226516,190.87656,767.299072265625,2025-04-23,4.12265157699585
2025-05-21,9.990189,214.81995,0.5598855,200.86674,767.299072265625,2025-04-23,0.5598855018615723
2025-05-22,11.555794,186.3335,0.5569292,212.42255,767.299072265625,2025-04-23,0.5569291710853577
2025-05-23,8.153995,162.62508,12.558837,220.57654,767.299072265625,2025-04-23,12.558836936950684
2025-05-24,7.908815,139.77795,4.1246457,228.48535,767.299072265625,2025-04-23,4.124645709991455
2025-05-25,10.16763,115.279396,4.0291986,238.65298,767.299072265625,2025-04-23,4.02919864654541
2025-05-26,8.2417345,94.62176,15.135734,246.89471,767.299072265625,2025-04-23,15.135733604431152
2025-05-27,5.680219,80.51178,18.374208,252.57494,767.299072265625,2025-04-23,18.374208450317383
2025-05-28,5.3642097,67.844475,7.1570992,257.93915,767.299072265625,2025-04-23,7.15709924697876
2025-05-29,5.0564017,54.463924,17.505466,262.99554,767.299072265625,2025-04-23,17.50546646118164
2025-05-30,2.9755325,48.627064,7.60549,265.97107,767.299072265625,2025-04-23,7.605490207672119
2025-05-31,3.975474,41.38997,1.3178251,269.94653,767.299072265625,2025-04-23,1.3178250789642334
2025-06-01,4.346766,33.139393,4.685251,274.2933,767.299072265625,2025-04-23,4.685251235961914
2025-06-02,4.993399,23.91583,3.340229,279.2867,767.299072265625,2025-04-23,3.340229034423828
2025-06-03,6.0108237,14.939935,1.5220853,285.29755,767.299072265625,2025-04-23,1.5220853090286255
2025-06-04,8.700417,8.308114,0.16056727,293.99796,767.299072265625,2025-04-23,0.1605672687292099
2025-06-05,11.366013,4.086192,0.294761,305.36395,767.299072265625,2025-04-23,0.2947610020637512
2025-06-06,11.743825,1.7603294,6.3277464,317.1078,767.299072265625,2025-04-23,6.327746391296387
2025-06-07,8.27889,0.74133676,11.537799,325.3867,767.299072265625,2025-04-23,11.537798881530762
2025-06-08,10.812356,0.28347096,0.88215595,336.19904,767.299072265625,2025-04-23,0.8821559548377991
2025-06-09,10.649605,0.09869909,4.2674923,346.84863,767.299072265625,2025-04-23,0.0
2025-06-10,10.942889,0.0331045,6.161575,357.79153,767.299072265625,2025-04-23,0.0
2025-06-11,10.134351,0.010584534,8.928213,367.92587,767.299072265625,2025-04-23,0.0
2025-06-12,8.171539,0.0043488387,9.094506,376.0974,767.299072265625,2025-04-23,0.0
2025-06-13,10.517929,0.0017473713,2.2171326,386.61536,767.299072265625,2025-04-23,0.0
2025-06-14,10.110845,0.00059562636,1.5191854,396.7262,767.299072265625,2025-04-23,0.0
2025-06-15,10.166297,0.000119125274,2.6264923,406.8925,767.299072265625,2025-04-23,0.0
2025-06-16,11.337384,-7.3453654e-22,0.72049594,418.22986,767.299072265625,2025-04-23,0.0
2025-06-17,12.368786,-7.3453654e-22,0.541554,430.59863,767.299072265625,2025-04-23,0.0
2025-06-18,14.062106,-7.3453654e-22,0.14024732,444.66074,767.299072265625,2025-04-23,0.0
2025-06-19,14.346454,-7.3453654e-22,0.53485215,459.0072,767.299072265625,2025-04-23,0.0
2025-06-20,11.62827,-7.3453654e-22,1.9532408,470.63547,767.299072265625,2025-04-23,0.0
2025-06-21,13.545125,-7.3453654e-22,0.9255566,484.1806,767.299072265625,2025-04-23,0.0
2025-06-22,13.26492,-7.3453654e-22,0.030023217,497.44553,767.299072265625,2025-04-23,0.0
2025-06-23,14.166954,-7.3453654e-22,0.0004368277,511.6125,767.299072265625,2025-04-23,0.0
2025-06-24,15.957779,-7.3453654e-22,0.009163432,527.57025,767.299072265625,2025-04-23,0.0
2025-06-25,15.395451,-7.3453654e-22,0.70389575,542.9657,767.299072265625,2025-04-23,0.0
2025-06-26,13.213837,-7.3453654e-22,0.7419321,556.17957,767.299072265625,2025-04-23,0.0
2025-06-27,13.448443,-7.3453654e-22,0.3404103,569.628,767.299072265625,2025-04-23,0.0
2025-06-28,13.34803,-7.3453654e-22,0.01705002,582.976,767.299072265625,2025-04-23,0.0
2025-06-29,13.448262,-7.3453654e-22,0.35071412,596.42426,767.299072265625,2025-04-23,0.0
2025-06-30,12.943288,-7.3453654e-22,0.11450627,609.36755,767.299072265625,2025-04-23,0.0
2025-07-01,13.951767,-7.3453654e-22,0.08326482,623.31934,767.299072265625,2025-04-23,0.0
2025-07-02,15.225372,-7.3453654e-22,0.42277825,638.5447,767.299072265625,2025-04-23,0.0
2025-07-03,17.108122,-7.3453654e-22,0.0004351138,655.6528,767.299072265625,2025-04-23,0.0
2025-07-04,19.47864,-7.3453654e-22,0.0008523463,675.1314,767.299072265625,2025-04-23,0.0
2025-07-05,20.104834,-7.3453654e-22,0.00043511385,695.23627,767.299072265625,2025-04-23,0.0
2025-07-06,19.272688,-7.3453654e-22,0.016646216,714.509,767.299072265625,2025-04-23,0.0
2025-07-07,16.708887,-7.3453654e-22,2.1494617,731.21783,767.299072265625,2025-04-23,0.0
2025-07-08,15.050808,-7.3453654e-22,1.8216672,746.2686,767.299072265625,2025-04-23,0.0
2025-07-09,12.332646,-7.3453654e-22,9.646132,758.60126,767.299072265625,2025-04-23,0.0
2025-07-10,10.89841,-7.3453654e-22,3.2833056,769.4997,767.299072265625,2025-04-23,0.0
2025-07-11,11.047986,-7.3453654e-22,0.2050561,780.54767,767.299072265625,2025-04-23,0.0
2025-07-12,13.434189,-7.3453654e-22,0.0046359706,793.9819,767.299072265625,2025-04-23,0.0
2025-07-13,14.106514,-7.3453654e-22,0.012384237,808.0884,767.299072265625,2025-04-23,0.0
2025-07-14,13.603714,-7.3453654e-22,0.13049088,821.6921,767.299072265625,2025-04-23,0.0
2025-07-15,13.7242,-7.3453654e-22,0.5158358,835.41626,767.299072265625,2025-04-23,0.0
2025-07-16,13.789935,-7.3453654e-22,0.6074256,849.2062,767.299072265625,2025-04-23,0.0
2025-07-17,15.585285,-7.3453654e-22,0.00085607864,864.79144,767.299072265625,2025-04-23,0.0
2025-07-18,16.96594,-7.3453654e-22,0.107689895,881.7574,767.299072265625,2025-04-23,0.0
2025-07-19,16.699493,-7.3453654e-22,0.3259966,898.4569,767.299072265625,2025-04-23,0.0
2025-07-20,17.647459,-7.3453654e-22,0.037851024,916.1044,767.299072265625,2025-04-23,0.0
2025-07-21,16.98954,-7.3453654e-22,0.06503963,933.09393,767.299072265625,2025-04-23,0.0
2025-07-22,17.146942,-7.3453654e-22,0.18316199,950.24084,767.299072265625,2025-04-23,0.0
2025-07-23,16.9014,-7.3453654e-22,0.7691559,967.1423,767.299072265625,2025-04-23,0.0
2025-07-24,15.760108,-7.3453654e-22,1.4985187,982.9024,767.299072265625,2025-04-23,0.0
2025-07-25,14.740809,-7.3453654e-22,0.8088979,997.6432,767.299072265625,2025-04-23,0.0
2025-07-26,15.456719,-7.3453654e-22,0.10546077,1013.0999,767.299072265625,2025-04-23,0.0
2025-07-27,14.2556,-7.3453654e-22,0.063855805,1027.3555,767.299072265625,2025-04-23,0.0
2025-07-28,13.692802,-7.3453654e-22,0.09844934,1041.0482,767.299072265625,2025-04-23,0.0
2025-07-29,14.586934,-7.3453654e-22,0.0,1055.6351,767.299072265625,2025-04-23,0.0
2025-07-30,13.637256,-7.3453654e-22,0.1127517,1069.2723,767.299072265625,2025-04-23,0.0
2025-07-31,12.212639,-7.3453654e-22,2.0766518,1081.485,767.299072265625,2025-04-23,0.0
2025-08-01,12.115109,-7.3453654e-22,0.4088385,1093.6001,767.299072265625,2025-04-23,0.0
2025-08-02,12.366371,-7.3453654e-22,0.5373535,1105.9664,767.299072265625,2025-04-23,0.0
2025-08-03,13.283386,-7.3453654e-22,0.22975442,1119.2498,767.299072265625,2025-04-23,0.0
2025-08-04,13.199452,-7.3453654e-22,0.631007,1132.4492,767.299072265625,2025-04-23,0.0
2025-08-05,12.23302,-7.3453654e-22,3.0054698,1144.6823,767.299072265625,2025-04-23,0.0
2025-08-06,13.668663,-7.3453654e-22,0.061222766,1158.351,767.299072265625,2025-04-23,0.0
2025-08-07,13.902512,-7.3453654e-22,0.16317682,1172.2534,767.299072265625,2025-04-23,0.0
2025-08-08,13.944219,-7.3453654e-22,0.0,1186.1976,767.299072265625,2025-04-23,0.0
2025-08-09,15.523921,-7.3453654e-22,0.0012874597,1201.7216,767.299072265625,2025-04-23,0.0
2025-08-10,15.783925,-7.3453654e-22,0.0008583069,1217.5055,767.299072265625,2025-04-23,0.0
2025-08-11,16.59506,-7.3453654e-22,0.0,1234.1006,767.299072265625,2025-04-23,0.0
2025-08-12,17.009148,-7.3453654e-22,0.0012846362,1251.1097,767.299072265625,2025-04-23,0.0
2025-08-13,15.845191,-7.3453654e-22,0.0013706144,1266.955,767.299072265625,2025-04-23,0.0
2025-08-14,14.102969,-7.3453654e-22,0.10027984,1281.058,767.299072265625,2025-04-23,0.0
2025-08-15,13.192058,-7.3453654e-22,0.10781341,1294.25,767.299072265625,2025-04-23,0.0
2025-08-16,13.245227,-7.3453654e-22,0.001194789,1307.4952,767.299072265625,2025-04-23,0.0
2025-08-17,12.915597,-7.3453654e-22,0.048918292,1320.4109,767.299072265625,2025-04-23,0.0
2025-08-18,11.639572,-7.3453654e-22,0.10392737,1332.0504,767.299072265625,2025-04-23,0.0
2025-08-19,13.45917,-7.3453654e-22,0.085189044,1345.5096,767.299072265625,2025-04-23,0.0
2025-08-20,13.614793,-7.3453654e-22,0.0008523463,1359.1244,767.299072265625,2025-04-23,0.0
2025-08-21,14.576558,-7.3453654e-22,0.002571718,1373.7009,767.299072265625,2025-04-23,0.0
2025-08-22,16.196928,-7.3453654e-22,0.0014302064,1389.8978,767.299072265625,2025-04-23,0.0
2025-08-23,13.569001,-7.3453654e-22,1.505323,1403.4668,767.299072265625,2025-04-23,0.0
2025-08-24,11.2596855,-7.3453654e-22,1.526187,1414.7264,767.299072265625,2025-04-23,0.0
2025-08-25,13.843987,-7.3453654e-22,5.961735e-05,1428.5704,767.299072265625,2025-04-23,0.0
2025-08-26,14.956471,-7.3453654e-22,0.0008523463,1443.5269,767.299072265625,2025-04-23,0.0
2025-08-27,15.610023,-7.3453654e-22,0.0,1459.1368,767.299072265625,2025-04-23,0.0
2025-08-28,15.6914835,-7.3453654e-22,0.0008634882,1474.8284,767.299072265625,2025-04-23,0.0
2025-08-29,16.206629,-7.3453654e-22,0.0016959823,1491.035,767.299072265625,2025-04-23,0.0
2025-08-30,16.072233,-7.3453654e-22,0.0017076895,1507.1073,767.299072265625,2025-04-23,0.0
2025-08-31,14.079076,-7.3453654e-22,0.039482895,1521.1864,767.299072265625,2025-04-23,0.0
2025-09-01,13.70091,-7.3453654e-22,0.00044173963,1534.8873,767.299072265625,2025-04-23,0.0
2025-09-02,12.862922,-7.3453654e-22,0.18061219,1547.7502,767.299072265625,2025-04-23,0.0
2025-09-03,13.0121765,-7.3453654e-22,0.0004261732,1560.7625,767.299072265625,2025-04-23,0.0
2025-09-04,13.722374,-7.3453654e-22,0.0008583069,1574.4849,767.299072265625,2025-04-23,0.0
2025-09-05,13.178706,-7.3453654e-22,0.00074521697,1587.6636,767.299072265625,2025-04-23,0.0
2025-09-06,12.485252,-7.3453654e-22,0.010458325,1600.1488,767.299072265625,2025-04-23,0.0
2025-09-07,11.967837,-7.3453654e-22,0.00044107434,1612.1167,767.299072265625,2025-04-23,0.0
2025-09-08,11.893399,-7.3453654e-22,0.0012844801,1624.0101,767.299072265625,2025-04-23,0.0
2025-09-09,11.671853,-7.3453654e-22,0.0017106533,1635.682,767.299072265625,2025-04-23,0.0
2025-09-10,12.0812845,-7.3453654e-22,0.0008583068,1647.7633,767.299072265625,2025-04-23,0.0
2025-09-11,13.442837,-7.3453654e-22,0.0,1661.2062,767.299072265625,2025-04-23,0.0
2025-09-12,15.504523,-7.3453654e-22,0.0008523463,1676.7107,767.299072265625,2025-04-23,0.0
2025-09-13,13.344449,-7.3453654e-22,0.0008523463,1690.0552,767.299072265625,2025-04-23,0.0
2025-09-14,11.547841,-7.3453654e-22,0.00044107434,1701.603,767.299072265625,2025-04-23,0.0
2025-09-15,9.19683,-7.3453654e-22,0.960749,1710.7998,767.299072265625,2025-04-23,0.0
2025-09-16,6.414248,-7.3453654e-22,4.1316113,1717.2141,767.299072265625,2025-04-23,0.0
2025-09-17,7.796045,-7.3453654e-22,0.09692605,1725.0101,767.299072265625,2025-04-23,0.0
2025-09-18,4.9641623,0.66571957,10.360285,1729.9742,767.299072265625,2025-04-23,10.360284805297852
2025-09-19,5.0245667,4.1500435,2.3738835,1734.9988,767.299072265625,2025-04-23,2.3738834857940674
2025-09-20,8.637799,2.3662221,0.0012934208,1743.6366,767.299072265625,2025-04-23,0.0012934207916259766
2025-09-21,9.967952,1.1675712,0.0004351138,1753.6045,767.299072265625,2025-04-23,0.00043511379044502974
2025-09-22,9.005307,0.51617426,0.0017046927,1762.6097,767.299072265625,2025-04-23,0.00170469272416085
2025-09-23,6.295652,0.22093599,2.1169877,1768.9054,767.299072265625,2025-04-23,2.116987705230713
2025-09-24,8.825577,0.08995014,0.0,1777.731,767.299072265625,2025-04-23,0.0
2025-09-25,8.057248,0.033757795,2.7596593,1785.7882,767.299072265625,2025-04-23,0.0
2025-09-26,5.859778,0.04608236,2.709857,1791.648,767.299072265625,2025-04-23,0.0
2025-09-27,7.302729,0.016823744,0.0,1798.9507,767.299072265625,2025-04-23,0.0
2025-09-28,7.8946075,0.005581356,0.0025725376,1806.8453,767.299072265625,2025-04-23,0.0
2025-09-29,7.4518304,0.0019661712,0.0017106532,1814.2971,767.299072265625,2025-04-23,0.0
2025-09-30,7.25617,0.000456725,0.21464394,1821.5533,767.299072265625,2025-04-23,0.0
2025-10-01,,0.0012511906,,,767.299072265625,2025-04-23,
2025-10-02,,0.014160238,,,767.299072265625,2025-04-23,
2025-10-03,,0.36934352,,,767.299072265625,2025-04-23,
2025-10-04,,2.644932,,,767.299072265625,2025-04-23,
2025-10-05,,3.6426308,,,767.299072265625,2025-04-23,
2025-10-06,,2.3557074,,,767.299072265625,2025-04-23,
2025-10-07,,1.3305788,,,767.299072265625,2025-04-23,
2025-10-08,,0.8369367,,,767.299072265625,2025-04-23,
2025-10-09,,0.45289382,,,767.299072265625,2025-04-23,
2025-10-10,,0.2501811,,,767.299072265625,2025-04-23,
2025-10-11,,0.12988603,,,767.299072265625,2025-04-23,
2025-10-12,,0.061336994,,,767.299072265625,2025-04-23,
2025-10-13,,0.027649032,,,767.299072265625,2025-04-23,
2025-10-14,,0.011579958,,,767.299072265625,2025-04-23,
2025-10-15,,0.0048067295,,,767.299072265625,2025-04-23,
2025-10-16,,0.0019464544,,,767.299072265625,2025-04-23,
2025-10-17,,0.00045678357,,,767.299072265625,2025-04-23,
2025-10-18,,-7.3453654e-22,,,767.299072265625,2025-04-23,
2025-10-19,,-7.3453654e-22,,,767.299072265625,2025-04-23,
2025-10-20,,-7.3453654e-22,,,767.299072265625,2025-04-23,
2025-10-21,,0.15864421,,,767.299072265625,2025-04-23,
2025-10-22,,0.19356112,,,767.299072265625,2025-04-23,
2025-10-23,,0.10717052,,,767.299072265625,2025-04-23,
2025-10-24,,0.060618047,,,767.299072265625,2025-04-23,
2025-10-25,,0.038751177,,,767.299072265625,2025-04-23,
2025-10-26,,0.47251928,,,767.299072265625,2025-04-23,
2025-10-27,,1.2946831,,,767.299072265625,2025-04-23,
2025-10-28,,3.762332,,,767.299072265625,2025-04-23,
2025-10-29,,14.368019,,,767.299072265625,2025-04-23,
2025-10-30,,15.576533,,,767.299072265625,2025-04-23,
2025-10-31,,14.497312,,,767.299072265625,2025-04-23,
2025-11-01,-2.369685,13.027004,0.0008523463,,767.299072265625,2025-04-23,0.0
2025-11-02,-2.104327,11.389697,0.0004351138,,767.299072265625,2025-04-23,0.0
2025-11-03,-2.8080776,10.580297,4.851312,,767.299072265625,2025-04-23,0.0
2025-11-04,-8.75388,23.630484,12.6990595,,767.299072265625,2025-04-23,0.0
2025-11-05,-13.548843,28.868464,0.8315976,,767.299072265625,2025-04-23,0.0
2025-11-06,-9.684121,29.032934,0.0004351138,,767.299072265625,2025-04-23,0.0
2025-11-07,-4.63547,28.992548,0.0,,767.299072265625,2025-04-23,0.0
2025-11-08,-4.398435,28.895868,0.0017106533,,767.299072265625,2025-04-23,0.0
2025-11-09,-5.0315094,28.77707,0.00086127623,,767.299072265625,2025-04-23,0.0
2025-11-10,-5.5758157,28.681879,0.01821902,,767.299072265625,2025-04-23,0.0
2025-11-11,-5.21817,28.568733,0.0017195939,,767.299072265625,2025-04-23,0.0
2025-11-12,-4.4609604,28.411646,0.00085234636,,767.299072265625,2025-04-23,0.0
2025-11-13,-3.4059932,28.238527,0.0,,767.299072265625,2025-04-23,0.0
2025-11-14,-2.502945,28.031197,0.0017104185,,767.299072265625,2025-04-23,0.0
2025-11-15,-2.5078022,27.83229,0.0,,767.299072265625,2025-04-23,0.0
2025-11-16,-0.08712896,27.534151,0.069280714,,767.299072265625,2025-04-23,0.0
2025-11-17,-0.68560284,26.3066,0.020842291,,767.299072265625,2025-04-23,0.0
2025-11-18,-1.8927637,24.8873,0.0017222019,,767.299072265625,2025-04-23,0.0
2025-11-19,-2.8587444,23.808279,0.4374018,,767.299072265625,2025-04-23,0.0
2025-11-20,-4.10334,23.907898,0.6588265,,767.299072265625,2025-04-23,0.0
2025-11-21,-4.955747,23.226748,0.001388621,,767.299072265625,2025-04-23,0.0
2025-11-22,-3.6701458,22.452469,0.00084638596,,767.299072265625,2025-04-23,0.0
2025-11-23,-3.8005269,21.350157,0.0,,767.299072265625,2025-04-23,0.0
2025-11-24,-3.6694973,20.185087,0.0,,767.299072265625,2025-04-23,0.0
2025-11-25,-2.7011337,18.736254,0.00044107434,,767.299072265625,2025-04-23,0.0
2025-11-26,-3.2920125,17.287909,0.0,,767.299072265625,2025-04-23,0.0
2025-11-27,-3.884786,15.625885,0.0012848941,,767.299072265625,2025-04-23,0.0
2025-11-28,-4.81455,14.040242,0.00044107434,,767.299072265625,2025-04-23,0.0
2025-11-29,-5.3696465,12.711522,0.0008581437,,767.299072265625,2025-04-23,0.0
2025-11-30,-5.69058,11.599662,0.0,,767.299072265625,2025-04-23,0.0
2025-12-01,-5.4998984,10.545831,0.0,,767.299072265625,2025-04-23,0.0
2025-12-02,-6.231092,9.602187,0.0008523463,,767.299072265625,2025-04-23,0.0
2025-12-03,-6.207527,8.854707,0.06909427,,767.299072265625,2025-04-23,0.0
2025-12-04,-5.2645035,12.134837,8.511753,,767.299072265625,2025-04-23,0.0
2025-12-05,-7.4469833,23.41288,9.732762,,767.299072265625,2025-04-23,0.0
2025-12-06,-10.296466,27.59004,0.33635852,,767.299072265625,2025-04-23,0.0
2025-12-07,-8.471036,33.120335,10.420925,,767.299072265625,2025-04-23,0.0
2025-12-08,-7.7055497,47.97455,14.847572,,767.299072265625,2025-04-23,0.0
2025-12-09,-6.028801,57.99564,12.207865,,767.299072265625,2025-04-23,0.0
2025-12-10,-4.1556907,71.71426,7.156802,,767.299072265625,2025-04-23,0.0
2025-12-11,-2.9303424,74.4394,1.9253887,,767.299072265625,2025-04-23,0.0
2025-12-12,-3.0978787,80.40673,13.575189,,767.299072265625,2025-04-23,0.0
2025-12-13,-4.5551367,91.51463,3.844227,,767.299072265625,2025-04-23,0.0
