Data time,temp(degC),prec(mm),Date,Javshangoz temp,Precipitation,year,doy,month,block,temp_Terink_corr,prec_monthScale_corr
2025-01-01,-9.484516,11.19871,2025-01-01,-1.025,4.0,2025,1,1,0,-3.2975840623795296,5.388418137167494
2025-01-02,-7.283632,4.8255057,2025-01-02,-1.5125,7.0,2025,2,1,0,-1.028112099231834,2.32186050311912
2025-01-03,-6.283796,1.6889054,2025-01-03,-2.0571428571428574,0.0,2025,3,1,0,0.0028826145948555038,0.8126407853511807
2025-01-04,-8.873067,2.9071698,2025-01-04,-1.8,2.0,2025,4,1,0,-2.6670799729342463,1.3988259788980693
2025-01-05,-10.642476,3.2058115,2025-01-05,-5.0125,1.0,2025,5,1,0,-4.491630524822124,1.542521668204653
2025-01-06,-13.374192,0.2590164,2025-01-06,-6.55,0.6,2025,6,1,1,-7.320158649860207,0.1246294142435897
2025-01-07,-12.699764,3.1968503,2025-01-07,-8.9875,0.0,2025,7,1,1,-6.623257649025859,1.5382098597364646
2025-01-08,-13.056675,1.0164304,2025-01-08,-5.075,0.0,2025,8,1,1,-6.992061484437182,0.48906990202696654
2025-01-09,-13.694847,0.0,2025-01-09,-7.957142857142857,0.0,2025,9,1,1,-7.651498378374646,0.0
2025-01-10,-15.161938,0.0021506895,2025-01-10,-6.75,0.0,2025,10,1,1,-9.167475156051527,0.0010348347541114726
2025-01-11,-15.1714735,0.0008523463,2025-01-11,-6.925,0.0,2025,11,1,2,-9.012637409144665,0.00041011851026302195
2025-01-12,-14.845614,0.0,2025-01-12,-8.7875,0.0,2025,12,1,2,-8.682510248920797,0.0
2025-01-13,-15.437042,0.0008612871,2025-01-13,-10.0375,0.0,2025,13,1,2,-9.281683960648955,0.0004144205029818964
2025-01-14,-13.944127,0.0025566383,2025-01-14,-9.725,0.0,2025,14,1,2,-7.7692168102187384,0.0012301627764177364
2025-01-15,-12.009922,0.06986216,2025-01-15,-8.725,0.0,2025,15,1,2,-5.809680249397878,0.03361516907266082
2025-01-16,-11.834643,1.8126743,2025-01-16,-8.2,0.0,2025,16,1,3,-5.71938201400728,0.872193946882935
2025-01-17,-10.765129,5.0897303,2025-01-17,-5.575,0.6,2025,17,1,3,-4.639321446637554,2.4489959166556643
2025-01-18,-9.845367,11.370831,2025-01-18,-5.375,0.0,2025,18,1,3,-3.710489596315713,5.4712365973461585
2025-01-19,-9.220317,11.131721,2025-01-19,-4.5625,3.5,2025,19,1,3,-3.0792759257752182,5.356185429776133
2025-01-20,-9.681873,5.341265,2025-01-20,-4.9125,0.7,2025,20,1,3,-3.5453833682518017,2.570025404838409
2025-01-21,-9.781301,3.5671835,2025-01-21,-3.65,2.0,2025,21,1,4,-3.946844405099531,1.716400931000501
2025-01-22,-10.9739,9.377606,2025-01-22,-2.9375,0.0,2025,22,1,4,-5.041726664713016,4.512168120579131
2025-01-23,-13.516879,2.4698236,2025-01-23,-3.9749999999999996,0.0,2025,23,1,4,-7.376344246707999,1.188390652302302
2025-01-24,-13.504165,0.0012861565,2025-01-24,-8.0,0.0,2025,24,1,4,-7.364671980465344,0.0006188524403110595
2025-01-25,-12.82208,0.0,2025-01-25,-5.8,0.0,2025,25,1,4,-6.738474267698133,0.0
2025-01-26,-12.520663,0.0012874602,2025-01-26,-7.7,0.0,2025,26,1,5,-6.453649257442557,0.0006194797340551983
2025-01-27,-12.180018,0.0018650191,2025-01-27,-6.4375,0.0,2025,27,1,5,-6.1306039797857865,0.0008973803897595166
2025-01-28,-10.510849,3.790306,2025-01-28,-5.6375,0.0,2025,28,1,5,-4.547674058427559,1.8237594862099988
2025-01-29,-11.428024,3.3894322,2025-01-29,-3.7375,2.4,2025,29,1,5,-5.417462408571692,1.6308733721276398
2025-01-30,-14.404096,0.06219205,2025-01-30,-4.825,0.0,2025,30,1,5,-8.23977304153721,0.02992458686827569
2025-01-31,-14.293899,0.0026253907,2025-01-31,-5.5625,0.7,2025,31,1,6,-8.168871960113309,0.001263243968727725
2025-02-01,-14.141158,0.0008583069,2025-02-01,-6.6625,0.0,2025,32,2,6,-8.023534264550207,0.00034393148075580107
2025-02-02,-14.847018,0.0025725577,2025-02-02,-9.5,0.0,2025,33,2,6,-8.695181469885856,0.0010308475664016423
2025-02-03,-12.824333,0.0008523463,2025-02-03,-8.4375,0.0,2025,34,2,6,-6.7705353254317995,0.00034154301343229123
2025-02-04,-11.674779,0.5332917,2025-02-04,-5.7375,0.0,2025,35,2,6,-5.676699817707296,0.21369489637771577
2025-02-05,-13.015687,0.04831399,2025-02-05,-6.025,0.0,2025,36,2,7,-6.962771306550872,0.019359860816592488
2025-02-06,-14.076282,0.01091026,2025-02-06,-6.55,0.0,2025,37,2,7,-7.973268743586198,0.004371841677179557
2025-02-07,-10.999566,4.3742967,2025-02-07,-7.1,0.0,2025,38,2,7,-5.041882462785725,1.7528209796475063
2025-02-08,-7.270144,2.0323312,2025-02-08,-3.0375,0.0,2025,39,2,7,-1.488620970299757,0.8143738317869914
2025-02-09,-7.7598863,3.1250489,2025-02-09,-2.7625,0.0,2025,40,2,7,-1.955230127384021,1.2522358792773158
2025-02-10,-6.99661,2.7269511,2025-02-10,-2.175,0.0,2025,41,2,8,-1.0463818944151044,1.0927144239102127
2025-02-11,-8.032163,4.2141204,2025-02-11,-1.9,1.2,2025,42,2,8,-2.0814132590429555,1.6886368608422333
2025-02-12,-11.580804,7.15369,2025-02-12,-2.357142857142857,0.0,2025,43,2,8,-5.628266714930138,2.8665494761465466
2025-02-13,-12.911405,0.44808862,2025-02-13,-3.6625,0.0,2025,44,2,8,-6.958197456094697,0.1795532374100959
2025-02-14,-11.582156,6.195709,2025-02-14,-4.7,0.3,2025,45,2,8,-5.629618033892061,2.482677665415533
2025-02-15,-10.385982,9.548981,2025-02-15,-3.05,0.9,2025,46,2,9,-4.326829721917727,3.8263646430420284
2025-02-16,-10.903877,10.27559,2025-02-16,-2.0125,5.0,2025,47,2,9,-4.872117011703773,4.117523562189121
2025-02-17,-12.269872,3.4812884,2025-02-17,-4.9,3.0,2025,48,2,9,-6.310361658613457,1.3949843282746457
2025-02-18,-9.5380125,1.0069437,2025-02-18,-8.2625,0.0,2025,49,2,9,-3.43400976714653,0.40349161561992003
2025-02-19,-8.421662,0.87008977,2025-02-19,-5.9375,0.0,2025,50,2,9,-2.258613714671996,0.34865298529765326
2025-02-20,-9.18204,0.20804316,2025-02-20,-3.1375,0.0,2025,51,2,10,-2.93748260561519,0.08336481051231913
2025-02-21,-8.159725,0.026140714,2025-02-21,-4.1125,0.0,2025,52,2,10,-1.8863650408314772,0.010474824883772807
2025-02-22,-6.7726607,0.02030523,2025-02-22,-3.1125,0.0,2025,53,2,10,-0.46022177851563106,0.008136492693915328
2025-02-23,-6.0800934,0.2504859,2025-02-23,-2.5625,0.0,2025,54,2,10,0.25185781908866023,0.10037200737341097
2025-02-24,-5.2962165,6.383256,2025-02-24,-1.3375000000000001,0.0,2025,55,2,10,1.057819561035326,2.5578294758242675
2025-02-25,-5.9945617,25.551994,2025-02-25,1.3125,0.3,2025,56,2,11,0.46425745326362167,10.238919357031087
2025-02-26,-7.89166,11.8664465,2025-02-26,-1.7374999999999998,10.0,2025,57,2,11,-1.5554401769159185,4.7549944152313035
2025-02-27,-7.896337,8.284127,2025-02-27,-3.4,11.0,2025,58,2,11,-1.560419426444712,3.3195259945820217
2025-02-28,-10.475441,4.6826305,2025-02-28,-2.2,2.0,2025,59,2,11,-4.306197142226004,1.8763731733920317
2025-03-01,-9.809548,0.27429184,2025-03-01,-4.0625,0.0,2025,60,3,11,-3.597271034362672,0.12221469266594495
2025-03-02,-7.906296,8.101,2025-03-02,-2.4,0.0,2025,61,3,12,-1.5436476733030458,3.609517604631695
2025-03-03,-12.555381,5.011442,2025-03-03,-4.6625,3.0,2025,62,3,12,-6.728911994151292,2.232920395456199
2025-03-04,-14.01827,0.023485728,2025-03-04,-7.2875,0.0,2025,63,3,12,-8.360516091960077,0.01046440546520078
2025-03-05,-10.637771,0.1922549,2025-03-05,-8.1625,0.0,2025,64,3,12,-4.590143889394806,0.08566194866395581
2025-03-06,-8.376881,5.769391,2025-03-06,-2.6,0.0,2025,65,3,12,-2.068505276557528,2.5706355243184364
2025-03-07,-7.769928,21.222937,2025-03-07,-0.2375,1.0,2025,66,3,13,-1.4798149298731498,9.45618623916669
2025-03-08,-5.848915,1.9700469,2025-03-08,1.275,0.0,2025,67,3,13,0.7162435949191244,0.8777828623009623
2025-03-09,-6.059233,16.249786,2025-03-09,-0.8125,2.0,2025,68,3,13,0.47581282385340995,7.2403269520426665
2025-03-10,-3.9238575,13.194183,2025-03-10,0.6625,13.0,2025,69,3,13,2.91692570044902,5.878858883746726
2025-03-11,-3.1968472,8.640545,2025-03-11,2.2375,2.0,2025,70,3,13,3.7480273988377286,3.849919675486034
2025-03-12,-3.2913933,19.386242,2025-03-12,2.5,0.0,2025,71,3,14,3.875723289117839,8.637820242766368
2025-03-13,-3.7316284,1.0417316,2025-03-13,2.925,0.0,2025,72,3,14,3.3500728392645724,0.46415856678201983
2025-03-14,-5.7648606,0.0029144317,2025-03-14,1.6285714285714286,0.0,2025,73,3,14,0.9223486060397645,0.001298567155739622
2025-03-15,-5.2561364,0.06970722,2025-03-15,1.7375,0.0,2025,74,3,14,1.5297765566535229,0.0310590590988686
2025-03-16,-4.5724654,0.020672986,2025-03-16,1.875,0.0,2025,75,3,14,2.346094857265248,0.00921114762465184
2025-03-17,-4.5344696,0.0,2025-03-17,2.4375,0.0,2025,76,3,15,2.378100632198765,0.0
2025-03-18,-3.96787,0.0017046923,2025-03-18,3.975,0.0,2025,77,3,15,3.091716864438336,0.0007595502860548196
2025-03-19,-3.9014575,0.0,2025-03-19,4.4125000000000005,0.0,2025,78,3,15,3.1753615370141914,0.0
2025-03-20,-3.7714005,0.0004351138,2025-03-20,3.9625,0.0,2025,79,3,15,3.339164664154383,0.0001938712407256134
2025-03-21,-2.5633976,0.0017180673,2025-03-21,4.8625,0.0,2025,80,3,15,4.860610281187071,0.0007655097105656145
2025-03-22,0.32242966,0.0004351138,2025-03-22,5.2875,0.0,2025,81,3,16,8.622918926731963,0.0001938712407256134
2025-03-23,2.2827885,0.7891372,2025-03-23,8.375,0.0,2025,82,3,16,11.112686931257358,0.35161148202317766
2025-03-24,-0.78192645,32.864414,2025-03-24,8.2125,1.0,2025,83,3,16,7.220323416065083,14.643214528935232
2025-03-25,-1.515049,19.083464,2025-03-25,3.8125,21.0,2025,84,3,16,6.289215788654344,8.502913129904353
2025-03-26,-1.8680471,10.33691,2025-03-26,4.7625,5.0,2025,85,3,16,5.840887984017181,4.605759612701322
2025-03-27,-4.9420433,7.801758,2025-03-27,1.0875000000000001,13.0,2025,86,3,17,2.1933701566836343,3.4761860076627773
2025-03-28,-7.587063,5.623254,2025-03-28,1.0375,0.0,2025,87,3,17,-1.0789185332291344,2.505522072375706
2025-03-29,-7.0894456,2.4497666,2025-03-29,1.3624999999999998,0.0,2025,88,3,17,-0.4632906836808699,1.0915289063003
2025-03-30,-6.2481284,2.7239933,2025-03-30,2.075,0.1,2025,89,3,17,0.5775457071365899,1.2137145748980107
2025-03-31,-5.912084,0.0017165416,2025-03-31,3.1500000000000004,0.0,2025,90,3,17,0.9932833628631323,0.0007648299128851569
2025-04-01,-2.7511432,0.0008583069,2025-04-01,4.300000000000001,0.0,2025,91,4,18,4.917273362952201,0.0005172542034965201
2025-04-02,-2.4543598,0.0004351138,2025-04-02,6.1875,0.0,2025,92,4,18,5.289718939578923,0.0002622190757750452
2025-04-03,-1.4131063,0.13674869,2025-04-03,7.55,0.0,2025,93,4,18,6.596430366909738,0.08241088907142952
2025-04-04,0.30867258,0.22873922,2025-04-04,9.25,0.0,2025,94,4,18,8.75716081135276,0.13784850506213486
2025-04-05,-0.7064972,14.823334,2025-04-05,6.25,16.0,2025,95,4,18,7.4831829066380005,8.933205385314839
2025-04-06,1.4466501,24.59606,2025-04-06,6.575,6.9,2025,96,4,19,10.239028734907631,14.82268804369698
2025-04-07,3.0238342,1.5833683,2025-04-07,10.8375,7.0,2025,97,4,19,12.242066972054413,0.9542086972132452
2025-04-08,3.6451645,8.475757,2025-04-08,12.0625,0.0,2025,98,4,19,13.031162137798148,5.107871014511306
2025-04-09,0.49020386,24.575817,2025-04-09,7.575,13.0,2025,99,4,19,9.024333259284164,14.810488704694368
2025-04-10,0.4035937,7.847091,2025-04-10,10.266666666666667,0.0,2025,100,4,19,8.914337563660933,4.72900870885427
2025-04-11,2.0316124,0.0017376986,2025-04-11,11.8375,0.0,2025,101,4,20,10.821613810665635,0.0010472150524014406
2025-04-12,3.8319142,0.0012659112,2025-04-12,12.9875,0.0,2025,102,4,20,12.984528440328463,0.0007628948217162462
2025-04-13,2.4876087,6.9838653,2025-04-13,12.4,0.0,2025,103,4,20,11.369455882668296,4.2087902160386745
2025-04-14,2.2816784,5.270859,2025-04-14,11.575,2.0,2025,104,4,20,11.122047554486402,3.1764558502179865
2025-04-15,4.261757,1.3622632,2025-04-15,13.5,0.0,2025,105,4,20,13.500949231873099,0.820960854990937
2025-04-16,1.0488472,16.628273,2025-04-16,11.3375,0.5,2025,106,4,21,9.72763822305086,10.020942516176545
2025-04-17,3.2349358,15.39775,2025-04-17,12.3375,0.0,2025,107,4,21,12.32122236090044,9.27937420972445
2025-04-18,0.3674113,33.42893,2025-04-18,9.75,28.5,2025,108,4,21,8.919179983434564,20.14577135624906
2025-04-19,-2.1808941,8.356895,2025-04-19,7.125,4.0,2025,109,4,21,5.895860405336754,5.036239446436992
2025-04-20,-2.0309231,2.724421,2025-04-20,7.1625,0.0,2025,110,4,21,6.0737865912824835,1.6418581912183075
2025-04-21,-1.7360369,7.7809935,2025-04-21,7.2625,0.0,2025,111,4,22,6.505567652647473,4.689175393153778
2025-04-22,-2.194538,2.046381,2025-04-22,6.7875,0.0,2025,112,4,22,5.992259017172992,1.233240900434812
2025-04-23,-1.5251083,3.9955368,2025-04-23,8.35,0.0,2025,113,4,22,6.741709881855958,2.4078895381419336
2025-04-24,0.017295837,0.5587502,2025-04-24,9.375,0.0,2025,114,4,22,8.468487337599608,0.33672791125705887
2025-04-25,2.2695606,0.48645657,2025-04-25,10.725,0.0,2025,115,4,22,10.989979548245966,0.2931605299351539
2025-04-26,2.9642055,0.017653584,2025-04-26,12.7375,0.0,2025,116,4,23,11.837744619914115,0.010638840874725474
2025-04-27,4.151506,0.0017821604,2025-04-27,13.825,0.0,2025,117,4,23,13.109538124023327,0.0010740097256646075
2025-04-28,6.233124,0.0025682284,2025-04-28,15.5625,0.0,2025,118,4,23,15.339292302040443,0.0015477295305899813
2025-04-29,7.1832404,0.026619166,2025-04-29,17.1125,0.0,2025,119,4,23,16.357022746580498,0.016041902386048218
2025-04-30,6.825701,0.460841,2025-04-30,17.55,0.0,2025,120,4,23,15.974039427376045,0.27772343947548345
2025-05-01,5.170855,2.0794175,2025-05-01,16.0625,0.0,2025,121,5,24,14.140972356360558,0.7453340534340687
2025-05-02,4.052086,3.16353,2025-05-02,12.6875,5.0,2025,122,5,24,12.962630355385846,1.1339168964675346
2025-05-03,4.230784,0.0027865581,2025-05-03,14.25,0.0,2025,123,5,24,13.150843792556682,0.000998797328483836
2025-05-04,6.277476,0.0009971282,2025-05-04,17.4125,0.0,2025,124,5,24,15.306519492061168,0.0003574047073757034
2025-05-05,6.680874,0.00085234636,2025-05-05,16.725,0.0,2025,125,5,24,15.731397913352067,0.00030550996489573355
2025-05-06,7.9799705,0.0017171233,2025-05-06,18.400000000000002,0.0,2025,126,5,25,16.72738187063401,0.0006154754730279438
2025-05-07,8.537326,0.0042029005,2025-05-07,18.2,0.0,2025,127,5,25,17.26706444507692,0.0015064626828643472
2025-05-08,7.039885,2.5049207,2025-05-08,18.025,0.0,2025,128,5,25,15.817105103227117,0.8978488922315527
2025-05-09,4.263035,13.748857,2025-05-09,15.1,2.0,2025,129,5,25,13.128304944545997,4.928058611556058
2025-05-10,4.9117103,0.90946317,2025-05-10,15.4375,0.0,2025,130,5,25,13.75641170204911,0.32598257490143157
2025-05-11,5.1348267,0.7987353,2025-05-11,14.8875,4.0,2025,131,5,26,13.95238242934312,0.286293935089936
2025-05-12,6.543879,0.14366138,2025-05-12,14.542857142857143,0.0,2025,132,5,26,15.197234797153236,0.05149313145500221
2025-05-13,5.653196,1.9253775,2025-05-13,13.8625,0.0,2025,133,5,26,14.41034502626381,0.6901208710928679
2025-05-14,7.6851754,0.09610667,2025-05-14,14.8125,0.0,2025,134,5,26,16.205533442926118,0.034447903758216145
2025-05-15,9.00719,0.0077988096,2025-05-15,16.787499999999998,0.0,2025,135,5,26,17.37349080340844,0.0027953589748708606
2025-05-16,9.389877,0.010696301,2025-05-16,18.8375,0.0,2025,136,5,27,17.60438620014189,0.00383391857627479
2025-05-17,8.5435295,2.326508,2025-05-17,19.5125,0.0,2025,137,5,27,16.864904238491665,0.8338997041175177
2025-05-18,6.0335593,11.40187,2025-05-18,14.2875,1.0,2025,138,5,27,14.671859789043179,4.0868185363585265
2025-05-19,6.1771445,5.2519126,2025-05-19,15.9,0.4,2025,139,5,27,14.797314954161454,1.8824643470777074
2025-05-20,6.450441,4.1226516,2025-05-20,18.1375,0.0,2025,140,5,27,15.036103196499429,1.4776987439628881
2025-05-21,9.990189,0.5598855,2025-05-21,18.2375,0.0,2025,141,5,28,17.936269297106683,0.2006820319507556
2025-05-22,11.555794,0.5569292,2025-05-22,18.475,0.0,2025,142,5,28,19.247062302166928,0.19962239334419046
2025-05-23,8.153995,12.558837,2025-05-23,14.487499999999999,6.0,2025,143,5,28,16.39892734231375,4.501514913492725
2025-05-24,7.908815,4.1246457,2025-05-24,14.95,8.0,2025,144,5,28,16.193651919087156,1.478413497318553
2025-05-25,10.16763,4.0291986,2025-05-25,17.775000000000002,0.0,2025,145,5,28,18.084830665785816,1.4442020059121725
2025-05-26,8.2417345,15.135734,2025-05-26,14.475,2.5,2025,146,5,29,16.553878459173188,5.425162563035009
2025-05-27,5.680219,18.374208,2025-05-27,11.8625,5.0,2025,147,5,29,14.436758187496192,6.5859419415681035
2025-05-28,5.3642097,7.1570992,2025-05-28,12.6125,1.0,2025,148,5,29,14.175573082401785,2.5653481119427584
2025-05-29,5.0564017,17.505466,2025-05-29,14.9,0.0,2025,149,5,29,13.921166440480487,6.274555220888673
2025-05-30,2.9755325,7.60549,2025-05-30,12.425,0.7,2025,150,5,29,12.201305535470041,2.7260666460930887
2025-05-31,3.975474,1.3178251,2025-05-31,12.6125,0.0,2025,151,5,30,12.844926903914207,0.47235339872832516
2025-06-01,4.346766,4.685251,2025-06-01,13.7375,0.0,2025,152,6,30,13.158962402676096,2.9173283249826545
2025-06-02,4.993399,3.340229,2025-06-02,13.9,0.0,2025,153,6,30,13.705878890698724,2.079834073698183
2025-06-03,6.0108237,1.5220853,2025-06-03,14.3,0.0,2025,154,6,30,14.566407728155943,0.9477448612101511
2025-06-04,8.700417,0.16056727,2025-06-04,15.399999999999999,0.0,2025,155,6,30,16.841242018773936,0.09997915689813366
2025-06-05,11.366013,0.294761,2025-06-05,16.875,0.0,2025,156,6,31,19.063288255235243,0.18353650944212216
2025-06-06,11.743825,6.3277464,2025-06-06,19.825,0.0,2025,157,6,31,19.396421606890385,3.9400479944461932
2025-06-07,8.27889,11.537799,2025-06-07,14.75,6.0,2025,158,6,31,16.34123699174525,7.184150396778432
2025-06-08,10.812356,0.88215595,2025-06-08,18.0625,0.0,2025,159,6,31,18.57510468224833,0.5492850948619364
2025-06-09,10.649605,4.2674923,2025-06-09,18.55,4.0,2025,160,6,31,18.431600012954537,2.657205806782897
2025-06-10,10.942889,6.161575,2025-06-10,17.662499999999998,4.0,2025,161,6,32,18.48167419886254,3.8365793580760132
2025-06-11,10.134351,8.928213,2025-06-11,16.375,10.0,2025,162,6,32,17.746431959880763,5.559260043139281
2025-06-12,8.171539,9.094506,2025-06-12,13.9875,0.9,2025,163,6,32,15.961553216296286,5.6628043952233735
2025-06-13,10.517929,2.2171326,2025-06-13,16.4375,0.0,2025,164,6,32,18.09523776436262,1.3805244872094231
2025-06-14,10.110845,1.5191854,2025-06-14,17.6125,0.0,2025,165,6,32,17.72505683085837,0.9459392033255217
2025-06-15,10.166297,2.6264923,2025-06-15,17.9125,0.0,2025,166,6,33,17.780557872153544,1.6354172662550712
2025-06-16,11.337384,0.72049594,2025-06-16,19.2,0.0,2025,167,6,33,18.87900293395883,0.4486255301577233
2025-06-17,12.368786,0.541554,2025-06-17,19.425,0.0,2025,168,6,33,19.846427586129074,0.337205162265086
2025-06-18,14.062106,0.14024732,2025-06-18,20.05,0.0,2025,169,6,33,21.4347117973415,0.0873266937329305
2025-06-19,14.346454,0.53485215,2025-06-19,22.4375,0.0,2025,170,6,33,21.701421833772788,0.3330321741295976
2025-06-20,11.62827,1.9532408,2025-06-20,19.75,0.0,2025,171,6,34,18.95114537331331,1.2162090593122503
2025-06-21,13.545125,0.9255566,2025-06-21,17.580000000000002,0.0,2025,172,6,34,20.810954369936862,0.5763090356428376
2025-06-22,13.26492,0.030023217,2025-06-22,20.625,0.0,2025,173,6,34,20.539088329000588,0.018694319975856313
2025-06-23,14.166954,0.0004368277,2025-06-23,20.475,0.0,2025,174,6,34,21.414277609598408,0.00027199606218472085
2025-06-24,15.957779,0.009163432,2025-06-24,22.075,0.0,2025,175,6,34,23.151807285227694,0.005705722004574025
2025-06-25,15.395451,0.70389575,2025-06-25,23.825,0.0,2025,176,6,35,22.742318169263612,0.4382892206436559
2025-06-26,13.213837,0.7419321,2025-06-26,22.775,0.0,2025,177,6,35,20.604130780947965,0.4619730150089853
2025-06-27,13.448443,0.3404103,2025-06-27,19.133333333333333,0.0,2025,178,6,35,20.834066778068987,0.2119605994013646
2025-06-28,13.34803,0.01705002,2025-06-28,21.275,0.0,2025,179,6,35,20.735652571787334,0.010616401615947738
2025-06-29,13.448262,0.35071412,2025-06-29,20.8,0.0,2025,180,6,35,20.833889381005488,0.21837639781675855
2025-06-30,12.943288,0.11450627,2025-06-30,20.95,0.0,2025,181,6,36,20.367681970340097,0.07129871694368382
2025-07-01,13.951767,0.08326482,2025-07-01,20.875,0.0,2025,182,7,36,21.373734742905366,0.08326482
2025-07-02,15.225372,0.42277825,2025-07-02,22.9,0.0,2025,183,7,36,22.644275667806124,0.42277825
2025-07-03,17.108122,0.0004351138,2025-07-03,22.825,0.0,2025,184,7,36,24.52249609435666,0.0004351138
2025-07-04,19.47864,0.0008523463,2025-07-04,26.65,0.0,2025,185,7,36,26.88731103479258,0.0008523463
2025-07-05,20.104834,0.00043511385,2025-07-05,26.700000000000003,0.0,2025,186,7,37,28.175800759607867,0.00043511385
2025-07-06,19.272688,0.016646216,2025-07-06,25.025,0.0,2025,187,7,37,27.26113643512783,0.016646216
2025-07-07,16.708887,2.1494617,2025-07-07,24.55,0.0,2025,188,7,37,24.4431005258448,2.1494617
2025-07-08,15.050808,1.8216672,2025-07-08,24.3,0.0,2025,189,7,37,22.620600978326056,1.8216672
2025-07-09,12.332646,9.646132,2025-07-09,20.275,0.0,2025,190,7,37,19.632897126409084,9.646132
2025-07-10,10.89841,3.2833056,2025-07-10,19.375,0.0,2025,191,7,38,18.073079358161927,3.2833056
2025-07-11,11.047986,0.2050561,2025-07-11,17.724999999999998,0.0,2025,192,7,38,18.2322644926075,0.2050561
2025-07-12,13.434189,0.0046359706,2025-07-12,18.975,0.0,2025,193,7,38,20.771763111165445,0.0046359706
2025-07-13,14.106514,0.012384237,2025-07-13,20.45,0.0,2025,194,7,38,21.487279942181907,0.012384237
2025-07-14,13.603714,0.13049088,2025-07-14,21.580000000000002,0.0,2025,195,7,38,20.952178819012193,0.13049088
2025-07-15,13.7242,0.5158358,2025-07-15,20.775,0.0,2025,196,7,39,21.315508229432947,0.5158358
2025-07-16,13.789935,0.6074256,2025-07-16,21.8,0.0,2025,197,7,39,21.380390411500553,0.6074256
2025-07-17,15.585285,0.00085607864,2025-07-17,23.6,0.0,2025,198,7,39,23.15244830417691,0.00085607864
2025-07-18,16.96594,0.107689895,2025-07-18,24.950000000000003,0.0,2025,199,7,39,24.51519127341025,0.107689895
2025-07-19,16.699493,0.3259966,2025-07-19,25.35,0.0,2025,200,7,39,24.25220104346626,0.3259966
2025-07-20,17.647459,0.037851024,2025-07-20,25.375,0.0,2025,201,7,40,25.13364180768326,0.037851024
2025-07-21,16.98954,0.06503963,2025-07-21,22.85,0.0,2025,202,7,40,24.480103318962108,0.06503963
2025-07-22,17.146942,0.18316199,2025-07-22,22.625,0.0,2025,203,7,40,24.636457315733267,0.18316199
2025-07-23,16.9014,0.7691559,2025-07-23,25.45,0.0,2025,204,7,40,24.392550166680618,0.7691559
2025-07-24,15.760108,1.4985187,2025-07-24,23.380000000000003,0.0,2025,205,7,40,23.258857039001462,1.4985187
2025-07-25,14.740809,0.8088979,2025-07-25,22.7,0.0,2025,206,7,41,22.215321102428906,0.8088979
2025-07-26,15.456719,0.10546077,2025-07-26,23.375,0.0,2025,207,7,41,22.90878295309106,0.10546077
2025-07-27,14.2556,0.063855805,2025-07-27,23.05,0.0,2025,208,7,41,21.745326366920345,0.063855805
2025-07-28,13.692802,0.09844934,2025-07-28,23.25,0.0,2025,209,7,41,21.200175520265095,0.09844934
2025-07-29,14.586934,0.0,2025-07-29,22.8,0.0,2025,210,7,41,22.066271023130334,0.0
2025-07-30,13.637256,0.1127517,2025-07-30,22.075,0.0,2025,211,7,42,20.98342486291206,0.1127517
2025-07-31,12.212639,2.0766518,2025-07-31,20.875,0.0,2025,212,7,42,19.594029475672485,2.0766518
2025-08-01,12.115109,0.4088385,2025-08-01,20.525,0.0,2025,213,8,42,19.498910765087484,0.4088385
2025-08-02,12.366371,0.5373535,2025-08-02,20.625,0.0,2025,214,8,42,19.743960672387892,0.5373535
2025-08-03,13.283386,0.22975442,2025-08-03,19.825,0.0,2025,215,8,42,20.63830379129599,0.22975442
2025-08-04,13.199452,0.631007,2025-08-04,23.3,0.0,2025,216,8,43,20.34593544538492,0.631007
2025-08-05,12.23302,3.0054698,2025-08-05,22.1125,0.0,2025,217,8,43,19.3199953073162,3.0054698
2025-08-06,13.668663,0.061222766,2025-08-06,21.5375,0.0,2025,218,8,43,20.844038155273832,0.061222766
2025-08-07,13.902512,0.16317682,2025-08-07,21.1125,0.0,2025,219,8,43,21.092286428662163,0.16317682
2025-08-08,13.944219,0.0,2025-08-08,21.75,0.0,2025,220,8,43,21.136561540970565,0.0
2025-08-09,15.523921,0.0012874597,2025-08-09,20.842857142857145,0.0,2025,221,8,44,22.816872463709277,0.0012874597
2025-08-10,15.783925,0.0008583069,2025-08-10,22.35,0.0,2025,222,8,44,23.115339331243476,0.0008583069
2025-08-11,16.59506,0.0,2025-08-11,22.325,0.0,2025,223,8,44,24.046467016191986,0.0
2025-08-12,17.009148,0.0012846362,2025-08-12,23.55,0.0,2025,224,8,44,24.52181181182398,0.0012846362
2025-08-13,15.845191,0.0013706144,2025-08-13,23.357142857142858,0.0,2025,225,8,44,23.185668522741874,0.0013706144
2025-08-14,14.102969,0.10027984,2025-08-14,23.7625,0.0,2025,226,8,45,21.279023062318025,0.10027984
2025-08-15,13.192058,0.10781341,2025-08-15,23.125,0.0,2025,227,8,45,20.377885198177147,0.10781341
2025-08-16,13.245227,0.001194789,2025-08-16,21.8875,0.0,2025,228,8,45,20.43048374962565,0.001194789
2025-08-17,12.915597,0.048918292,2025-08-17,21.7625,0.0,2025,229,8,45,20.10439033966929,0.048918292
2025-08-18,11.639572,0.10392737,2025-08-18,19.675,0.0,2025,230,8,45,18.842055772307205,0.10392737
2025-08-19,13.45917,0.085189044,2025-08-19,19.4,0.0,2025,231,8,46,20.56765898108903,0.085189044
2025-08-20,13.614793,0.0008523463,2025-08-20,21.15,0.0,2025,232,8,46,20.715273217511026,0.0008523463
2025-08-21,14.576558,0.002571718,2025-08-21,21.5875,0.0,2025,233,8,46,21.62754329386479,0.002571718
2025-08-22,16.196928,0.0014302064,2025-08-22,20.6,0.0,2025,234,8,46,23.164524847177027,0.0014302064
2025-08-23,13.569001,1.505323,2025-08-23,20.5,0.0,2025,235,8,46,20.67183779270726,1.505323
2025-08-24,11.2596855,1.526187,2025-08-24,19.25,0.0,2025,236,8,47,18.521747507051792,1.526187
2025-08-25,13.843987,5.961735e-05,2025-08-25,19.625,0.0,2025,237,8,47,20.911508246707402,5.961735e-05
2025-08-26,14.956471,0.0008523463,2025-08-26,20.575,0.0,2025,238,8,47,21.940246800121173,0.0008523463
2025-08-27,15.610023,0.0,2025-08-27,20.7,0.0,2025,239,8,47,22.544600785491458,0.0
2025-08-28,15.6914835,0.0008634882,2025-08-28,21.3875,0.0,2025,240,8,47,22.61992911104972,0.0008634882
2025-08-29,16.206629,0.0016959823,2025-08-29,21.15,0.0,2025,241,8,48,22.862320474641106,0.0016959823
2025-08-30,16.072233,0.0017076895,2025-08-30,21.175,0.0,2025,242,8,48,22.740664552144604,0.0017076895
2025-08-31,14.079076,0.039482895,2025-08-31,21.0125,0.0,2025,243,8,48,20.936448998740023,0.039482895
2025-09-01,13.70091,0.00044173963,2025-09-01,19.525,0.0,2025,244,9,48,20.59413126914381,0.00044173963
2025-09-02,12.862922,0.18061219,2025-09-02,18.725,0.0,2025,245,9,48,19.835580395747282,0.18061219
2025-09-03,13.0121765,0.0004261732,2025-09-03,18.1625,0.0,2025,246,9,49,19.86668754747795,0.0004261732
2025-09-04,13.722374,0.0008583069,2025-09-04,18.2625,0.0,2025,247,9,49,20.50073466557152,0.0008583069
2025-09-05,13.178706,0.00074521697,2025-09-05,19.65,0.0,2025,248,9,49,20.01536104964117,0.00074521697
2025-09-06,12.485252,0.010458325,2025-09-06,18.95,0.0,2025,249,9,49,19.396262122609667,0.010458325
2025-09-07,11.967837,0.00044107434,2025-09-07,18.325,0.0,2025,250,9,49,18.93432654890181,0.00044107434
2025-09-08,11.893399,0.0012844801,2025-09-08,18.325,0.0,2025,251,9,50,18.705621121081826,0.0012844801
2025-09-09,11.671853,0.0017106533,2025-09-09,18.8625,0.0,2025,252,9,50,18.51647057383208,0.0017106533
2025-09-10,12.0812845,0.0008583068,2025-09-10,18.7125,0.0,2025,253,9,50,18.866033158064177,0.0008583068
2025-09-11,13.442837,0.0,2025-09-11,18.7125,0.0,2025,254,9,50,20.02849332653599,0.0
2025-09-12,15.504523,0.0008523463,2025-09-12,18.5625,0.0,2025,255,9,50,21.788710325069637,0.0008523463
2025-09-13,13.344449,0.0008523463,2025-09-13,19.9875,0.0,2025,256,9,51,19.909588400661097,0.0008523463
2025-09-14,11.547841,0.00044107434,2025-09-14,18.6625,0.0,2025,257,9,51,18.3956662741079,0.00044107434
2025-09-15,9.19683,0.960749,2025-09-15,17.3,0.0,2025,258,9,51,16.414573251773607,0.960749
2025-09-16,6.414248,4.1316113,2025-09-16,16.2875,0.0,2025,259,9,51,14.06981442917644,4.1316113
2025-09-17,7.796045,0.09692605,2025-09-17,17.075,0.0,2025,260,9,51,15.234193666441794,0.09692605
2025-09-18,4.9641623,10.360285,2025-09-18,14.425,0.0,2025,261,9,52,13.188398138210449,10.360285
2025-09-19,5.0245667,2.3738835,2025-09-19,13.3875,0.0,2025,262,9,52,13.233460704776666,2.3738835
2025-09-20,8.637799,0.0012934208,2025-09-20,14.3375,0.0,2025,263,9,52,15.928984889073709,0.0012934208
2025-09-21,9.967952,0.0004351138,2025-09-21,15.0875,0.0,2025,264,9,52,16.921298497118027,0.0004351138
2025-09-22,9.005307,0.0017046927,2025-09-22,16.0875,0.0,2025,265,9,52,16.20315123645266,0.0017046927
2025-09-23,6.295652,2.1169877,2025-09-23,15.65,0.0,2025,266,9,53,14.21775941670153,2.1169877
2025-09-24,8.825577,0.0,2025-09-24,15.525,0.0,2025,267,9,53,16.049891290965732,0.0
2025-09-25,8.057248,2.7596593,2025-09-25,14.3875,0.0,2025,268,9,53,15.493479519541069,2.7596593
2025-09-26,5.859778,2.709857,2025-09-26,15.37142857142857,0.0,2025,269,9,53,13.902106324786539,2.709857
2025-09-27,7.302729,0.0,2025-09-27,13.737499999999999,0.0,2025,270,9,53,14.947068732803142,0.0
2025-09-28,7.8946075,0.0025725376,2025-09-28,14.1375,0.0,2025,271,9,54,15.120416430629266,0.0025725376
2025-09-29,7.4518304,0.0017106532,2025-09-29,14.1625,0.0,2025,272,9,54,14.773110009913172,0.0017106532
2025-09-30,7.25617,0.21464394,2025-09-30,14.5375,0.0,2025,273,9,54,14.619637499252887,0.21464394
2025-10-01,,0.0,2025-10-01,15.8125,0.0,2025,274,10,54,,0.0
2025-10-02,,0.0,2025-10-02,15.971428571428572,0.0,2025,275,10,54,,0.0
2025-10-03,,0.0,2025-10-03,13.675,0.0,2025,276,10,55,,0.0
2025-10-04,,0.0,2025-10-04,10.8375,2.0,2025,277,10,55,,0.0
2025-10-05,,0.0,2025-10-05,8.9625,0.6,2025,278,10,55,,0.0
2025-10-06,,0.0,2025-10-06,9.575,0.0,2025,279,10,55,,0.0
2025-10-07,,0.0,2025-10-07,10.0125,0.0,2025,280,10,55,,0.0
2025-10-08,,0.0,2025-10-08,12.0625,0.0,2025,281,10,56,,0.0
2025-10-09,,0.0,2025-10-09,9.275,0.0,2025,282,10,56,,0.0
2025-10-10,,0.0,2025-10-10,8.4125,0.0,2025,283,10,56,,0.0
2025-10-11,,0.0,2025-10-11,9.2375,0.0,2025,284,10,56,,0.0
2025-10-12,,0.0,2025-10-12,10.5625,0.0,2025,285,10,56,,0.0
2025-10-13,,0.0,2025-10-13,11.6125,0.0,2025,286,10,57,,0.0
2025-10-14,,0.0,2025-10-14,11.9875,0.0,2025,287,10,57,,0.0
2025-10-15,,0.0,2025-10-15,11.037500000000001,0.0,2025,288,10,57,,0.0
2025-10-16,,0.0,2025-10-16,10.175,0.0,2025,289,10,57,,0.0
2025-10-17,,0.0,2025-10-17,10.275,0.0,2025,290,10,57,,0.0
2025-10-18,,0.0,2025-10-18,9.3,0.0,2025,291,10,58,,0.0
2025-10-19,,0.0,2025-10-19,8.112499999999999,0.0,2025,292,10,58,,0.0
2025-10-20,,0.0,2025-10-20,7.862500000000001,0.0,2025,293,10,58,,0.0
2025-10-21,,0.0,2025-10-21,9.1,0.0,2025,294,10,58,,0.0
2025-10-22,,0.0,2025-10-22,9.3625,0.0,2025,295,10,58,,0.0
2025-10-23,,0.0,2025-10-23,8.625,0.0,2025,296,10,59,,0.0
2025-10-24,,0.0,2025-10-24,6.942857142857143,0.0,2025,297,10,59,,0.0
2025-10-25,,0.0,2025-10-25,8.9125,0.0,2025,298,10,59,,0.0
2025-10-26,,0.0,2025-10-26,9.925,0.0,2025,299,10,59,,0.0
2025-10-27,,0.0,2025-10-27,9.7125,0.0,2025,300,10,59,,0.0
2025-10-28,,0.0,2025-10-28,7.6625,0.6,2025,301,10,60,,0.0
2025-10-29,,0.0,2025-10-29,6.4625,5.0,2025,302,10,60,,0.0
2025-10-30,,0.0,2025-10-30,5.225,0.0,2025,303,10,60,,0.0
2025-10-31,,0.0,2025-10-31,6.3625,0.0,2025,304,10,60,,0.0
2025-11-01,-2.369685,0.0008523463,2025-11-01,5.3999999999999995,0.0,2025,305,11,60,3.7428766045395445,0.0008523463
2025-11-02,-2.104327,0.0004351138,2025-11-02,6.285714285714286,0.0,2025,306,11,61,3.910821295464925,0.0004351138
2025-11-03,-2.8080776,4.851312,2025-11-03,6.875,0.0,2025,307,11,61,3.1929978081752433,4.851312
2025-11-04,-8.75388,12.6990595,2025-11-04,2.3375,0.0,2025,308,11,61,-2.8717026887101014,12.6990595
2025-11-05,-13.548843,0.8315976,2025-11-05,-1.325,0.0,2025,309,11,61,-7.762550472122284,0.8315976
2025-11-06,-9.684121,0.0004351138,2025-11-06,-1.9625,0.0,2025,310,11,61,-3.820545700197182,0.0004351138
2025-11-07,-4.63547,0.0,2025-11-07,-0.08749999999999994,0.0,2025,311,11,62,1.404297200293969,0.0
2025-11-08,-4.398435,0.0017106533,2025-11-08,1.0875,0.0,2025,312,11,62,1.642819443356705,0.0017106533
2025-11-09,-5.0315094,0.00086127623,2025-11-09,1.8875,0.0,2025,313,11,62,1.005772906290045,0.00086127623
2025-11-10,-5.5758157,0.01821902,2025-11-10,1.9125,0.0,2025,314,11,62,0.45805143229178136,0.01821902
2025-11-11,-5.21817,0.0017195939,2025-11-11,1.0875,0.0,2025,315,11,62,0.8179411303774748,0.0017195939
2025-11-12,-4.4609604,0.00085234636,2025-11-12,0.8999999999999999,0.0,2025,316,11,63,1.6088747342168697,0.00085234636
2025-11-13,-3.4059932,0.0,2025-11-13,0.8,0.0,2025,317,11,63,2.67553665538028,0.0
2025-11-14,-2.502945,0.0017104185,2025-11-14,1.7999999999999998,0.0,2025,318,11,63,3.588595495423042,0.0017104185
2025-11-15,-2.5078022,0.0,2025-11-15,1.0857142857142859,0.0,2025,319,11,63,3.5836844514744954,0.0
2025-11-16,-0.08712896,0.069280714,2025-11-16,2.0875,0.0,2025,320,11,63,6.031191794534315,0.069280714
2025-11-17,-0.68560284,0.020842291,2025-11-17,5.4125,0.0,2025,321,11,64,5.42608359912604,0.020842291
2025-11-18,-1.8927637,0.0017222019,2025-11-18,3.825,0.0,2025,322,11,64,4.205540892129203,0.0017222019
2025-11-19,-2.8587444,0.4374018,2025-11-19,3.025,0.0,2025,323,11,64,3.22885192088083,0.4374018
2025-11-20,-4.10334,0.6588265,2025-11-20,3.1125000000000003,0.0,2025,324,11,64,1.9704594952513619,0.6588265
2025-11-21,-4.955747,0.001388621,2025-11-21,1.0166666666666666,0.0,2025,325,11,64,1.1086032325797464,0.001388621
2025-11-22,-3.6701458,0.00084638596,2025-11-22,0.7125,0.0,2025,326,11,65,2.4084558212118727,0.00084638596
2025-11-23,-3.8005269,0.0,2025-11-23,0.7375,0.0,2025,327,11,65,2.2766293960780875,0.0
2025-11-24,-3.6694973,0.0,2025-11-24,2.3124999999999996,0.0,2025,328,11,65,2.409111510086251,0.0
2025-11-25,-2.7011337,0.00044107434,2025-11-25,2.4250000000000003,0.0,2025,329,11,65,3.3882097967066467,0.00044107434
2025-11-26,-3.2920125,0.0,2025-11-26,7.0125,0.0,2025,330,11,65,2.7907808757101167,0.0
2025-11-27,-3.884786,0.0012848941,2025-11-27,1.1125,0.0,2025,331,11,66,2.191436251228181,0.0012848941
2025-11-28,-4.81455,0.00044107434,2025-11-28,-0.5250000000000002,0.0,2025,332,11,66,1.2513654561659489,0.00044107434
2025-11-29,-5.3696465,0.0008581437,2025-11-29,-1.6625,0.0,2025,333,11,66,0.6901154958628366,0.0008581437
2025-11-30,-5.69058,0.0,2025-11-30,-2.6375,0.0,2025,334,11,66,0.3656243233641113,0.0
2025-12-01,-5.4998984,0.0,2025-12-01,-3.857142857142857,0.0,2025,335,12,66,0.558419702961233,0.0
2025-12-02,-6.231092,0.0008523463,2025-12-02,-2.525,0.0,2025,336,12,67,-0.16381690593478815,0.0003435793552469546
2025-12-03,-6.207527,0.06909427,2025-12-03,-2.625,0.0,2025,337,12,67,-0.1407251734192576,0.027851783644580845
2025-12-04,-5.2645035,8.511753,2025-12-04,0.6499999999999999,0.0,2025,338,12,67,0.7833591218431606,3.431073271229466
2025-12-05,-7.4469833,9.732762,2025-12-05,0.3,5.0,2025,339,12,67,-1.3552888629710718,3.923259938750318
2025-12-06,-10.296466,0.33635852,2025-12-06,-2.75,3.0,2025,340,12,67,-4.147544000506832,0.13558555182725598
2025-12-07,-8.471036,10.420925,2025-12-07,-3.0375,2.0,2025,341,12,68,-2.680040111935507,4.200657282816703
2025-12-08,-7.7055497,14.847572,2025-12-08,0.7000000000000001,1.6,2025,342,12,68,-1.942425664058972,5.985031218816502
2025-12-09,-6.028801,12.207865,2025-12-09,1.3,1.0,2025,343,12,68,-0.32672847055178855,4.920969781463079
2025-12-10,-4.1556907,7.156802,2025-12-10,2.45,2.0,2025,344,12,68,1.478180669881359,2.884894809527671
2025-12-11,-2.9303424,1.9253887,2025-12-11,2.2,0.0,2025,345,12,68,2.658913244404183,0.7761209359925327
2025-12-12,-3.0978787,13.575189,2025-12-12,3.4625,0.0,2025,346,12,69,2.4480572145046358,5.472135778586181
2025-12-13,-4.5551367,3.844227,2025-12-13,2.15,9.0,2025,347,12,69,1.0201092335643347,1.549601416798471
